<?xml version="1.0" encoding="UTF-8"?>
<!DOCTYPE suite SYSTEM "http://testng.org/testng-1.0.dtd">

<suite name="Suite" parallel="tests">
  <test name="FireFoxTestCases">
  <parameter name="browser" value="firefox"></parameter>
  <classes>
  <class name="testNG_advance.Cross_Browser_Testing"></class>
  </classes>
  </test> <!-- Test -->
  
  <test name="chromeTestCases">
  <parameter name="browser" value="chrome"></parameter>
  <classes>
  <class name="testNG_advance.Cross_Browser_Testing"></class>
  </classes>
  </test> <!-- Test -->
  
  
  <test name="ieTestCases">
  <parameter name="browser" value="ie"></parameter>
  <classes>
  <class name="testNG_advance.Cross_Browser_Testing"></class>
  </classes>
  </test> <!-- Test -->
</suite> <!-- Suite -->
