<?xml version="1.0" encoding="UTF-8"?>
<extentreports>
  <configuration>
    <!-- report theme -->
    <!-- standard, dark -->
   
    <!-- <theme>standard</theme>-->
    <!--  <theme>dark</theme>-->
  
    <!-- document encoding -->
    <!-- defaults to UTF-8 -->
    <!-- <encoding>UTF-8</encoding>-->
    
    <!-- protocol for script and stylesheets -->
    <!-- defaults to https -->
    <!-- <protocol>https</protocol>-->
    
    <!-- title of the document -->
    <!-- <documentTitle>CMES_Automation_Report_Win_1709</documentTitle>-->
    
    <!-- report name - displayed at top-nav -->
    <!-- <reportName></reportName>-->
    
    <!-- report headline - displayed at top-nav, after reportHeadline -->
    <!-- <reportHeadline>CMES_Automation_Report</reportHeadline>-->
    
    <!-- global date format override -->
    <!-- defaults to yyyy-MM-dd -->
    <dateFormat>yyyy-MM-dd</dateFormat>
    
    <!-- global time format override -->
    <!-- defaults to HH:mm:ss -->
     <timeFormat>HH:mm</timeFormat>
    
    <!-- custom javascript -->
   
     <scripts>
      <![CDATA[
      $(document).ready(function() {
     $(".step-details > pre").slideToggle();
     $(".step-details > pre").before('<button class="hideshowbt" name="showHide"> Error</button>');
      $(".hideshowbt").click(function(){
       $(".step-details > pre").slideToggle();
    });
    
      
     
      $("#nav-mobile > li:nth-child(2) > a:nth-child(1) > span:nth-child(1)").html("OS/Version:- Windows-10 Version-1709");
      $(".suite-start-time").html("Browser:- IE-11.43");
      
      
      
      
      
      
      
      $(".left.panel-name").html("Total Test Case(s) Execution Status");
      $(".subview-left > div:nth-child(1) > h5:nth-child(1)").html("Test Cases");
      $("div.test-content:nth-child(3) > div:nth-child(2) > table:nth-child(1) > thead:nth-child(1) > tr:nth-child(1) > th:nth-child(3)").html("Test Run Status");
      $("div.test-content:nth-child(3) > div:nth-child(2) > table:nth-child(1) > thead:nth-child(1) > tr:nth-child(1) > th:nth-child(2)").html("Start Time");
      $(".chip.transparent").click();
      $(" div.s12:nth-child(1) > div:nth-child(1) > div:nth-child(4)").html(" ");
      $(".panel-lead ").html(" Total Test Case Count :-");
                    
                }); 
      ]]>
    </scripts>
    
    <!-- custom styles -->
     <styles>
      <![CDATA[
        .material-icons{display:none} 
      ]]>
    </styles>
    
  </configuration>
</extentreports>