<?xml version="1.0" encoding="UTF-8"?>
<!DOCTYPE suite SYSTEM "http://testng.org/testng-1.0.dtd">

<suite name="Regression Suite">


<test name="HomePageTest">
<classes>
<class name="com.wellsfargo.wam.testScripts.development.TC001_WAMOperationalRiskTests"></class>
<class name="com.wellsfargo.wam.testScripts.development.TC002_SDLC_Validation"></class>
<class name="com.wellsfargo.wam.testScripts.development.TC003_TechnicalApplicationOverview"></class>
<class name="com.wellsfargo.wam.testScripts.development.TC004_Admin_User_Global_Administrator"></class>
</classes>
</test>


</suite>