<?xml version="1.0" encoding="UTF-8"?>
<suite name="example suite 1" verbose="1">
	<listeners> <listener class-name="bin.webAppAutomation.Main.Java.ExtentReportListener.ExtentReporterNG" /> 
		/> </listeners> 
	<test name="Regression suite 1">
		<classes>
			<class name="bin.webAppAutomation.Test.Java.TC001_Verify_CMES_Home_Page_Navigation" />
			 <class name="bin.webAppAutomation.Test.Java.TC002_Verify_CMES_Home_Dashboard_Initiate_Naviagtion" />
			

		</classes>
	</test>
</suite>

 