<suit name="Batrch_Exuction">
<test name="verifyOnewaySearch_Result"> 
<classes>
<class name="TestNG.Spicejet_popUp"> 
<methods>
<include namr="verifyOnewaySearch"></include>
</methods>
</class>
</classes>
</test>
<test name="PopUp_Result"> 
<classes>
<class name="TestNG.Spicejet_popUp"> 
<methods>
<include namr="verifyOnewaySearch"></include>
<include name="f"></include>
</methods>
</class>
</classes>
</test>
<test name="Ajax_Result"> 
<classes>
<class name="TestNG.ajaxControl"> 
<methods>
<include namr="f"></include>
</methods>
</class>
</classes>
</test>
<test name="Google_Language_Result"> 
<classes>
<class name="TestNG.GoogleLanguage"> 
<methods>
<include namr="f"></include>
</methods>
</class>
</classes>
</test>
</suit>