<suit name="Batrch Exuction">
<test name="verifyOnewaySearch Result"> 
<classes>
<class name="TestNG.Spicejet_popUp"> 
<methods>
<include namr="verifyOnewaySearch"></include>
</methods>
</class>
</classes>
</test>
<test name="PopUp Result"> 
<classes>
<class name="TestNG.Spicejet_popUp"> 
<methods>
<include namr="verifyOnewaySearch"></include>
<include name="f"></include>
</methods>
</class>
</classes>
</test>
<test name="Ajax Result"> 
<classes>
<class name="TestNG.ajaxControl"> 
<methods>
<include namr="f"></include>
</methods>
</class>
</classes>
</test>
<test name="Google Language Result"> 
<classes>
<class name="TestNG.GoogleLanguage"> 
<methods>
<include namr="f"></include>
</methods>
</class>
</classes>
</test>
</suit>